1,ABLBL,INE14LE01019,132.23,20
2,AARTIPHARM,INE0LRU01027,712.85,20
3,ARSSBL,INE549H01021,745.1,20
4,DEEPAKNTR,INE288B01029,1704.3,20
5,THANGAMAYL,INE085J01014,3161.2,21.16
6,INDIAGLYCO,INE560A01023,1155.8,20
7,TVSSCS,INE395N01027,113.36,20
8,GVT&D,INE200A01026,3069.2,20
9,NFL,INE870D01012,89.3,20
10,VIKRAN,INE01R501028,110.21,20
11,MARUTI,INE585B01010,15801,9
12,HYUNDAI,INE0V6F01027,2337.3,20
13,RAJESHEXPO,INE343B01030,191.15,20
14,BLUESTARCO,INE472A01039,1794.6,20
15,SGBJAN29IX,IN0020200377,12795.81,10
16,ITI,INE248A01017,305.65,21.9
17,BECTORFOOD,INE495P01012,1318.3,20
18,PGEL,INE457L01029,590.55,23.49
19,PREMIERENE,INE0BS701011,997.9,20
20,SGBSEP27,IN0020190115,12650,10
21,SGBNOV25VI,IN0020170083,12500,10
22,RECLTD,INE020B01018,361.4,20
23,SGBAUG27,IN0020190107,12885,10
24,GOKULAGRO,INE314T01033,202.44,20
25,SGBMAY26,IN0020180033,13500,10
26,BLUEJET,INE0KBH01020,578,20
27,FLUOROCHEM,INE09N301011,3485.8,20
28,GOLDCASE,INF0R8F01042,19.26,20
29,PAGEIND,INE761H01022,38565,20
30,EICHERMOT,INE066A01021,7125.5,9.09
31,VISHNU,INE270I01022,477.3,20
32,GUJALKALI,INE186A01019,555.05,20
33,NMDC,INE584A01023,74.46,20
34,KIRLOSENG,INE146L01010,1181.45,20
35,SAGILITY,INE0W2G01015,49.69,20
36,DHANI,INE274G01010,51.06,100
37,MOIL,INE490G01020,332.05,20
38,ANANTRAJ,INE242C01024,618.8,21.08
39,ETERNAL,INE758T01015,306.9,15.05
40,LMW,INE269B01029,15620,20
41,TIINDIA,INE974X01010,3005,20
42,CHAMBLFERT,INE085A01013,457.5,20
43,QPOWER,INE0SII01026,799,20
44,KIRLPNU,INE811A01020,1098.2,20
45,SGBNOV25,IN0020170091,12260,10
46,JSWCEMENT,INE718I01012,126.15,20
47,HSCL,INE019C01026,446.25,20
48,RCF,INE027A01015,148.18,20
49,NCC,INE868B01028,179.03,20
50,IREDA,INE202E01016,146.64,20
51,STOVEKRAFT,INE00IN01015,616.7,20
52,VENUSPIPES,INE0JA001018,1290.4,20
53,TITAN,INE280A01028,3902.4,9
54,BASF,INE373A01013,4368.8,20
55,NIFTYIETF,INF109K012R6,294.23,6
56,HDFCBANK,INE040A01034,1008.85,9
57,HINDALCO,INE038A01020,799.8,10.97
58,TRANSRAILL,INE454P01035,645.55,20
59,LIQUIDBEES,INF732E01037,1000,5
60,POWERINDIA,INE07Y701011,22397,20.2
61,TATACONSUM,INE192A01025,1173.9,9
62,JYOTISTRUC,INE197A01024,11.78,23.55
63,SENORES,INE0RB801010,825.75,20
64,SGBMAR30X,IN0020210319,13105.01,10
65,TANLA,INE483C01032,598.05,20
66,SAATVIKGL,INE13B501022,448,20
67,CASHIETF,INF109K1A021,1037.58,5
68,TORNTPHARM,INE685A01028,3721.4,20
69,YESBANK,INE528G01035,22.63,20
70,COLPAL,INE259A01022,2179.7,20
71,IGIL,INE0Q9301021,335.1,20
72,SGBJUN30,IN0020220045,13198.33,10
73,SHRIRAMPPS,INE217L01019,91.15,20
74,SGBOCT25IV,IN0020170067,12850,10
75,SHAKTIPUMP,INE908D01010,700.45,20
76,DMART,INE192R01011,4085,20
77,SANOFI,INE058A01010,4568.8,20
78,SULA,INE142Q01026,242.6,20
79,ABSLLIQUID,INF209KB18T9,1000,5
80,INDUSTOWER,INE121J01017,400.5,20
81,UCOBANK,INE691A01018,31.05,20
82,DOMS,INE321T01012,2532.9,20
83,AADHARHFC,INE883F01010,485.75,20
84,JUNIORBEES,INF732E01045,748.52,6.03
85,KFINTECH,INE138Y01010,1080.4,20
86,FORTIS,INE061F01013,935.4,20
87,BERGEPAINT,INE463A01038,590.1,20
88,OIL,INE274J01014,436.2,20
89,ITC,INE154A01025,405.45,9
90,LICNETFGSC,INF767K01MV5,28.74,5
91,EMAMILTD,INE548C01032,519.2,20
92,EBBETF0431,INF754K01LE1,1395,20
93,IMFA,INE919H01018,1319.3,20
94,DRREDDY,INE089A01031,1248.6,9
95,3MINDIA,INE470A01017,35685,20
96,THELEELA,INE0AQ201015,427.3,20
97,GUJGASLTD,INE844O01030,402.05,20
98,SETF10GILT,INF200KA1JT1,260.09,10
99,WHIRLPOOL,INE716A01013,1187.9,20
100,IXIGO,INE0HV901016,270.9,20.57
101,CONSUMBEES,INF204KA1LD7,138.68,20
102,LTF,INE498L01015,292.3,20
103,ADVENZYMES,INE837H01020,325.1,20
104,VTL,INE825A01020,465.25,20
105,ICICIB22,INF109KB15Y7,117.39,20
106,JYOTHYLAB,INE668F01031,310.15,20
107,INDIANB,INE562A01011,882.35,20
108,MANKIND,INE634S01028,2239.5,20
109,SARDAEN,INE385C01021,504.35,20
110,GMDCLTD,INE131A01031,510.05,21.18
111,ASTRAL,INE006I01046,1462.4,20
112,SONACOMS,INE073K01018,507.65,20
113,HAVELLS,INE176B01034,1448.5,20
114,INTELLECT,INE306R01017,1097.5,20
115,WAAREEENER,INE377N01017,3246.8,20
116,SAFARI,INE429E01023,2280,20
117,PFIZER,INE182A01018,5028.5,20
118,MCX,INE745G01035,9858.5,20
119,GROWWGOLD,INF666M01IW1,119.94,20
120,CARERATING,INE752H01013,1511.2,20
121,IVALUE,INE056801025,318.9,20
122,JSLL,INE0J5801029,716.05,20
123,REGAAL,INE0MHO01029,87.25,20
124,ARVIND,INE034A01011,358.5,20
125,NORTHARC,INE850M01015,253.8,20
126,DCBBANK,INE503A01015,181.07,20
127,RRKABEL,INE777K01022,1368,20
128,JSWINFRA,INE880J01026,276.25,20
129,BIOCON,INE376G01013,395.15,20
130,DCXINDIA,INE0KL801015,194.57,20
131,SIRCA,INE792Z01011,529.85,20
132,GRMOVER,INE192H01020,487.05,20
133,PIIND,INE603J01030,3441.1,20
134,INDUSINDBK,INE095A01012,829.4,20
135,TATAPOWER,INE245A01021,388.1,20
136,FILATEX,INE816B01035,54.44,20
137,BRITANNIA,INE216A01030,5819,20
138,MSTCLTD,INE255X01014,502.9,20
139,INDRAMEDCO,INE681B01017,530.75,20.88
140,SGBNOV258,IN0020170109,12900,10
141,SGBOCT27VI,IN0020190388,12790,10
142,ORISSAMINE,INE725E01024,5001.5,20
143,BPCL,INE029A01011,365.05,20
144,EPACKPEB,INE0MLS01022,323.65,20
145,SGBDE30III,IN0020220110,13606.01,10
146,ABB,INE117A01022,5147,20
147,APTUS,INE852O01025,280.3,20
148,SBC,INE04AK01028,26.3,20
149,GOLDBEES,INF204KB17I5,101.55,20
150,AFCONS,INE101I01011,398.6,20
151,SOLARA,INE624Z01016,563.05,20
152,ELIQUID,INF754K01VW2,1006.48,5
153,CEATLTD,INE482A01020,3877.5,20
154,NSLNISP,INE0NNS01018,41.88,20
155,SGBOCT25V,IN0020170075,12262,10
156,MRF,INE883A01011,151950,20
157,SGBJUN28,IN0020200104,12814.99,10
158,SYNGENE,INE398R01022,634.6,20
159,INOXINDIA,INE616N01034,1155.2,20
160,ACC,INE012A01025,1851.4,20
161,GOLDSHARE,INF789F1AUX7,103.05,20
162,GRINDWELL,INE536A01023,1528.9,20
163,SHREECEM,INE070A01015,26480,20
164,ITIETF,INF109KC16I6,40.69,20
165,PHARMABEES,INF204KC1089,23.27,20
166,TATACAP,INE976I01016,318.6,20
167,CLEAN,INE227W01023,926,20
168,GRSE,INE382Z01011,2921.1,23.62
169,CPPLUS,INE819V01029,1677.4,20
170,HCLTECH,INE860A01027,1645.4,9.44
171,JUBLPHARMA,INE700A01033,1080.1,20
172,TIMKEN,INE325A01013,3087.2,20
173,SGBMAR28X,IN0020190552,12762.38,10
174,SGBSEP31II,IN0020230093,13656.84,10
175,IIFL,INE530B01024,544.75,20
176,SBFC,INE423Y01016,108.72,20
177,SALZERELEC,INE457F01013,723.1,23.31
178,ARE&M,INE885A01032,968.6,20
179,NIITLTD,INE161A01038,98.67,20
180,ADANIENSOL,INE931S01010,993.6,20
181,KAYNES,INE918Z01012,5967.5,20
182,STARCEMENT,INE460H01021,229.45,20
183,SPARC,INE232I01014,138.06,20
184,TI,INE133E01013,503.65,20.75
185,EXIDEIND,INE302A01020,380.8,20
186,AONELIQUID,INF1J2R01056,1035.02,5
187,ABREL,INE055A01016,1776.1,20
188,THERMAX,INE152A01029,2968.2,20
189,WAAREERTL,INE299N01021,1110.4,23.37
190,NEXT50IETF,INF109KC1NS5,73.06,6
191,GOKEX,INE887G01027,949.35,20
192,GILLETTE,INE322A01010,8404,20
193,MOTILALOFS,INE338I01027,952.4,20
194,ZAGGLE,INE07K301024,385,20
195,SGBOCT27,IN0020190370,12712,10
196,JSWSTEEL,INE019A01038,1170,9.34
197,TDPOWERSYS,INE419M01027,758.8,20
198,BAJAJHLDNG,INE118A01012,11747,20
199,IDEAFORGE,INE349Y01013,493.5,20.08
200,GKENERGY,INE1AG301022,183.2,20
201,IOLCP,INE485C01029,91.62,20
202,M&MFIN,INE774D01024,346.6,20
203,MOM30IETF,INF109KC17C7,32.69,6.63
204,KNRCON,INE634I01029,166.78,20
205,EIEL,INE0LLY01014,218.2,20
206,IFCI,INE039A01010,53.29,21.42
207,MOBIKWIK,INE0HLU01028,257.95,20.5
208,RAIN,INE855B01025,113.6,20
209,IRFC,INE053F01010,120.08,20
210,STYLAMIND,INE239C01020,2031.2,20
211,WIPRO,INE075A01022,246.26,9.91
212,TATATECH,INE142M01025,679.8,20
213,ATUL,INE100A01010,6060,20
214,NEWGEN,INE619B01017,918.4,20.95
215,NIACL,INE470Y01017,177.68,20
216,DIVISLAB,INE361B01024,6462.5,20
217,MTNL,INE153A01019,39.62,21.06
218,ASTERDM,INE914M01019,665.3,20
219,JTLIND,INE391J01032,67.63,20
220,SHARDACROP,INE221J01015,773.4,21.5
221,KPIGREEN,INE542W01025,464.4,20
222,SGBAPR28I,IN0020200062,12806.49,10
223,SWSOLAR,INE00M201021,231.59,20
224,ABSLAMC,INE404A01024,744.9,20
225,RAMASTEEL,INE230R01035,10.04,20
226,AARTIDRUGS,INE767A01016,446.8,20
227,ALLTIME,INE0GV601021,279.65,20
228,BANKBEES,INF204KB15I9,611.65,20
229,SGBAUG29V,IN0020210129,12950.76,10
230,SBISILVER,INF200KB1217,151.71,20
231,ABDL,INE552Z01027,654.3,20
232,TRENT,INE849A01020,4388.9,14.83
233,EBBETF0430,INF754K01KO2,1557.89,20
234,MFSL,INE180A01020,1692.6,20
235,FINCABLES,INE235A01022,767.45,20
236,URBANCO,INE0CAZ01013,144.27,20
237,PVRINOX,INE191H01014,1099.5,20
238,TATACHEM,INE092A01019,818.9,20
239,KAJARIACER,INE217B01036,1082.6,20
240,SILVERBEES,INF204KC1402,147.99,20
241,APLLTD,INE901L01018,899.45,20
242,CAPLIPOINT,INE475E01026,1920.5,20
243,GLOTTIS,INE0TQE01026,68.02,20
244,SGBNV29VII,IN0020210178,12889.77,10
245,MOMENTUM50,INF247L01DK8,54.52,6.19
246,POLYCAB,INE455K01017,7648.5,20
247,BSOFT,INE836A01035,388.8,20
248,JARO,INE00YJ01010,674.25,20
249,AJANTPHARM,INE031B01049,2510.7,20
250,PVTBANIETF,INF109KC18U7,28.77,20
251,ONESOURCE,INE013P01021,1672.4,20
252,ACI,INE128X01021,554,20
253,HONAUT,INE671A01010,34685,20
254,SIEMENS,INE003A01024,3216.3,20
255,HAL,INE066F01020,4716.6,20
256,HINDCOPPER,INE531E01026,327.15,20
257,TRIDENT,INE064C01022,28.59,20
258,SGBJUN29II,IN0020210061,12871.21,10
259,AUBANK,INE949L01017,919.3,20
260,MOREPENLAB,INE083A01026,44.83,20
261,MAZDOCK,INE249Z01020,2829.5,20
262,UPL,INE628A01036,753.5,20
263,SGBJUL27,IN0020190081,12702.03,10
264,MARKSANS,INE750C01026,193.07,20
265,SAREGAMA,INE979A01025,388.2,20
266,EUREKAFORB,INE0KCE01017,571.9,20
267,AVL,INE679V01027,539.6,20
268,AETHER,INE0BWX01014,895.55,20
269,POLICYBZR,INE417T01026,1843.9,20
270,CENTURYPLY,INE348B01021,770.55,20
271,HDFCLIFE,INE795G01014,762.2,9
272,NELCO,INE045B01015,851.75,20
273,ECLERX,INE738I01010,4595.7,20
274,HIKAL,INE475B01022,228.32,20
275,HDBFS,INE756I01012,743.9,20
276,APARINDS,INE372A01015,9231.5,20
277,TRITURBINE,INE152M01016,541.15,20
278,SOUTHBANK,INE683A01023,37.77,20
279,ALPHA,INF174KA1IA5,50.08,7.61
280,HOMEFIRST,INE481N01025,1187,20
281,JASH,INE039O01029,470.5,20
282,ALOKINDS,INE270A01029,17.17,20
283,PNGJL,INE953R01016,638.95,20
284,LTFOODS,INE818H01020,408.25,20
285,EPACK,INE0G5901015,269,20
286,JAIBALAJI,INE091G01026,72.06,20
287,GMMPFAUDLR,INE541A01023,1240.6,20
288,NAUKRI,INE663F01032,1365.4,20
289,AEROFLEX,INE024001021,183.13,20
290,ATHERENERG,INE0LEZ01016,697,20
291,SUMICHEM,INE258G01013,455.35,20
292,APLAPOLLO,INE702C01027,1721.2,20
293,GOODLUCK,INE127I01024,1176.2,20.95
294,KTKBANK,INE614B01018,175.14,20
295,ORIENTCEM,INE876N01018,179.84,20
296,RAYMOND,INE301A01014,509.1,20
297,POLYPLEX,INE633B01018,869.95,20
298,FEDFINA,INE007N01010,140.66,20
299,BOMDYEING,INE032A01023,149.5,20
300,GIPCL,INE162A01010,170.82,20
301,SGBJUL28IV,IN0020200146,12777.7,10
302,TRIVENI,INE256C01024,361.25,20
303,PSPPROJECT,INE488V01015,921.25,20
304,SGBOCT25,IN0020170059,12585,10
305,MASTEK,INE759A01021,2285.8,20
306,CARTRADE,INE290S01011,3097,22.15
307,LODHA,INE670K01029,1200.8,20
308,RADICO,INE944F01028,3368,20
309,PERSISTENT,INE262H01021,6350.5,20
310,RTNINDIA,INE834M01019,44.94,20
311,GALAXYSURF,INE600K01018,2109.4,20
312,SGBD29VIII,IN0020210228,13045.36,10
313,GODIGIT,INE03JT01014,354.7,20
314,BLUESTONE,INE304W01038,569.5,20
315,SMALLCAP,INF769K01LC3,45.4,6.97
316,NATCOPHARM,INE987B01026,869.3,20
317,BANDHANBNK,INE545U01014,151.22,20
318,SGBAUG28V,IN0020200161,12804.76,10
319,JSFB,INE953L01027,455.35,20
320,MGL,INE002S01010,1230.1,20
321,MAHABANK,INE457A01014,59.77,20
322,GODREJIND,INE233A01035,1048,20
323,FEDERALBNK,INE171A01029,244.93,20
324,LLOYDSENGG,INE093R01011,56.34,20.66
325,SILVER1,INF174KA1KU9,149.95,20
326,BFUTILITIE,INE243D01012,680.6,100
327,BHARTIHEXA,INE343G01021,1836.1,20
328,AIIL,INE206F01022,2705.7,20.27
329,HDFCSILVER,INF179KC1DI2,148.55,20
330,ALKYLAMINE,INE150B01039,1775.5,20
331,PETRONET,INE347G01014,274.35,20
332,PACEDIGITK,INE0S3G01027,225.11,20
333,ESCORTS,INE042A01014,3557.8,20
334,BORORENEW,INE666D01022,612.95,20
335,SETFNIF50,INF200KA1FS1,279.43,6
336,SGBN28VIII,IN0020200286,12802.64,10
337,LIQUIDBETF,INF0QA701854,1057.32,5
338,NOCIL,INE163A01018,169.07,20
339,CGPOWER,INE067A01029,721.25,20
340,PRAKASH,INE603A01013,138.2,20
341,FCL,INE045J01034,25.05,20.22
342,CHOLAFIN,INE121A01024,1703.2,20
343,MONARCH,INE903D01011,316.6,20
344,SHARDAMOTR,INE597I01028,952.6,20
345,SETFNN50,INF200KA1598,740.56,6
346,SEQUENT,INE807F01027,239.62,20
347,M&M,INE101A01026,3716.7,10.96
348,UNOMINDA,INE405E01023,1298,20
349,LLOYDSENT,INE080I01025,60.57,21.97
350,JWL,INE209L01016,302.1,20
351,SHRIRAMFIN,INE721A01047,826.6,13.4
352,AWL,INE699H01024,276.75,20
353,HBLENGINE,INE292B01021,931.1,21.52
354,ELGIEQUIP,INE285A01027,507.55,20
355,SWIGGY,INE00H001014,395.5,20
356,ATLANTAELE,INE0Z4F01028,965.95,20
357,MID150BEES,INF204KB1V68,231.04,6
358,SANDUMA,INE149K01016,207.98,21.74
359,STYL,INE04VU01023,319.75,20
360,JCHAC,INE782A01015,1753.7,20
361,PGHH,INE179A01014,13029,20
362,SANSERA,INE953O01021,1594.6,20
363,544467,INE301O01023,1153.95,20
364,TVSMOTOR,INE494B01023,3486.4,20
365,PNCINFRA,INE195J01029,262.65,20
366,SDBL,INE480C01038,119.54,20
367,GAEL,INE036B01030,115.09,20
368,ITCHOTELS,INE379A01028,209.8,20
369,SRF,INE647A01010,2851.6,20
370,GEOJITFSL,INE007B01023,73.98,20
371,CHALET,INE427F01016,899.9,20
372,BANKINDIA,INE084A01016,147.72,20
373,ZYDUSLIFE,INE010B01027,928,20
374,GABRIEL,INE524A01029,1053.9,22.39
375,CANBK,INE476A01022,147.94,20
376,KARURVYSYA,INE036D01028,248.03,20
377,ADANIENT,INE423A01024,2446.1,15.99
378,GEMAROMA,INE06XZ01023,183.22,20
379,GODFRYPHLP,INE260B01028,2941.4,23.81
380,OILIETF,INF109KC18W3,12.36,20
381,SOBHA,INE671H01015,1556.9,20
382,DATAMATICS,INE365B01017,892.35,20.21
383,PGHL,INE199A01012,5906,20
384,PAYTM,INE982J01020,1283.9,20
385,CDSL,INE736A01011,1640.1,20
386,MUTHOOTFIN,INE414G01012,3697.5,20
387,MAHLIFE,INE813A01018,380.85,20
388,JKTYRE,INE573A01042,450.55,20
389,UBL,INE686F01025,1740.2,20
390,TIPSMUSIC,INE716B01029,501.55,20
391,HNGSNGBEES,INF204KB19I1,513.85,11.78
392,AAVAS,INE216P01012,1635.6,20
393,ENGINERSIN,INE510A01028,198.13,20
394,AFFLE,INE00WC01027,1719,20
395,VAIBHAVGBL,INE884A01027,244.6,20
396,WSTCSTPAPR,INE976A01021,423.05,20
397,COFORGE,INE591G01025,1846.1,20
398,KPRMILL,INE930H01031,1094.7,20
399,LIQUIDSHRI,INF680P01422,1080.08,5
400,TFCILTD,INE305A01023,64.45,20
401,TVSHLTD,INE105A01035,14652,20
402,CYIENTDLM,INE055S01018,444.6,20
403,ONGC,INE213A01029,248.05,10.25
404,HEXT,INE093A01041,724.95,20
405,GODREJCP,INE102D01028,1127.3,20
406,ANGELONE,INE732I01013,2814.3,20
407,ZFCVINDIA,INE342J01019,13047,20
408,HEROMOTOCO,INE158A01026,5999.5,20
409,IONEXCHANG,INE570A01022,356.05,20
410,TRUALT,INE0MWH01014,448.45,20
411,GODREJPROP,INE484J01027,2123.8,20
412,RBA,INE07T201019,62.64,20
413,IGL,INE203G01027,204.06,20
414,GICRE,INE481Y01014,385.1,20
415,APOLLOHOSP,INE437A01024,7423,9
416,IPL,INE0D6701023,176.11,20
417,KEC,INE389H01022,700.7,20
418,SAIL,INE114A01011,138.19,20
419,SPIC,INE147A01011,88.06,20
420,LICHSGFIN,INE115A01026,554.8,20
421,INDIGO,INE646L01027,5785.5,10.58
422,TATASTEEL,INE081A01020,172.46,10.87
423,NSIL,INE023A01030,6898.5,20
424,SGBMAY29I,IN0020210053,12852.9,10
425,IDBI,INE008A01015,102.8,20
426,SGBJAN26,IN0020170166,13080,10
427,ZENSARTECH,INE520A01027,719.6,20
428,AXISGOLD,INF846K01W80,102.03,20
429,FIEMIND,INE737H01014,2280.8,20
430,MEDPLUS,INE804L01022,781.35,20
431,CARYSIL,INE482D01024,1011.65,20
432,YATHARTH,INE0JO301016,771.55,20
433,SHK,INE500L01026,177.69,20
434,BEML,INE258A01024,1965.8,20
435,NUVOCO,INE118D01016,360.75,20
436,CUB,INE491A01021,265.44,20
437,FIVESTAR,INE128S01021,593.5,20
438,RVNL,INE415G01027,319.1,20
439,BAJAJFINSV,INE918I01026,2095.6,9.48
440,NEULANDLAB,INE794A01010,16719,21.13
441,GPPL,INE517F01014,177.31,20
442,SUNDARMFIN,INE660A01013,4661.5,20
443,RBLBANK,INE976G01028,313.65,20
444,FINOPB,INE02NC01014,281.95,20
445,OLECTRA,INE260D01016,1384.2,20
446,HONASA,INE0J5401028,290.25,20
447,MINDACORP,INE842C01021,601.95,20
448,VINATIORGA,INE410B01037,1621.1,20
449,RELIANCE,INE002A01018,1549.1,9
450,ANURAS,INE930P01018,1179.2,20
451,SIGNATURE,INE903U01023,1124.8,20
452,DEEPAKFERT,INE501A01019,1446.4,20
453,HAPPSTMNDS,INE419U01012,500.2,20
454,SFL,INE916U01025,613.5,20
455,WELSPUNLIV,INE192B01031,140.38,20
456,KOTAKBANK,INE237A01028,2098.7,9
457,INFY,INE009A01021,1536.5,9.66
458,LIQUID,INF769K01KS1,999.99,5
459,DHANUKA,INE435G01025,1209.2,20
460,HDFCLIQUID,INF179KC1JG3,1036.83,5
461,SHAREINDIA,INE932X01026,169.78,20
462,LATENTVIEW,INE0I7C01011,493.05,20
463,VARROC,INE665L01035,668.85,20
464,KANSAINER,INE531A01024,239.78,20
465,VIKRAMSOLR,INE078V01014,300.65,20
466,SERVOTECH,INE782X01033,97.52,20
467,SBIN,INE062A01020,981.55,9
468,ENTERO,INE010601016,1070.3,20
469,DELTACORP,INE124G01033,70.22,20
470,LINDEINDIA,INE473A01011,6125.5,20
471,PRESTIGE,INE811K01011,1717.2,20
472,GRASIM,INE047A01021,2748.6,9
473,NHPC,INE848E01016,80.12,20
474,TECHM,INE669C01036,1456,9.64
475,SGBDEC2513,IN0020170158,13200,10
476,REDINGTON,INE891D01026,295.05,20
477,ALKEM,INE540L01014,5700,20
478,NTPC,INE733E01010,326.6,9.09
479,MBEL,INE08N601015,394.8,20
480,JIOFIN,INE758E01017,308.35,11.41
481,PIDILITIND,INE318A01026,1489,20
482,HERITGFOOD,INE978A01027,470.05,20
483,RENUKA,INE087H01022,28.24,20
484,LICI,INE0J1Y01017,908.3,20
485,PPLPHARMA,INE0DK501011,189.64,20
486,JINDALSAW,INE324A01032,166.63,20
487,JBCHEPHARM,INE572A01036,1748.4,20
488,SUNFLAG,INE947A01014,244.5,20
489,UNITDSPR,INE854D01024,1416.2,20
490,BLACKBUCK,INE0UIZ01018,653.15,20
491,SGBNOV26,IN0020180314,13200,10
492,SGBSEP28VI,IN0020200195,12748,10
493,RELAXO,INE131B01039,414.25,20
494,SGBDEC25,IN0020170125,12932.33,10
495,JAMNAAUTO,INE039C01032,109.94,20
496,BAJAJHFL,INE377Y01014,106.41,20
497,CMSINFO,INE925R01014,357.2,20
498,ARVINDFASN,INE955V01021,506.6,20
499,SBICARD,INE018E01016,874.1,20
500,WEWORK,INE085001019,623.15,20
501,JINDRILL,INE742C01031,589.95,20
502,TEGA,INE011K01018,1925.3,20
503,LOWVOLIETF,INF109KC19U5,23.14,6
504,PHOENIXLTD,INE211B01039,1715.7,20
505,AUROPHARMA,INE406A01037,1207.7,20
506,MODEFENCE,INF247L01DJ0,91.1,20
507,CERA,INE739E01017,5682,20
508,BBETF0432,INF754K01OB1,1308.29,20
509,VPRPL,INE0AE001013,84.15,20
510,GATEWAY,INE079J01017,60.44,20
511,ALIVUS,INE03Q201024,909.9,20
512,TBOTEK,INE673O01025,1678,20
513,AVANTEL,INE005B01027,159.33,20.02
514,HINDUNILVR,INE030A01027,2428.4,9
515,LUPIN,INE326A01037,2030.8,20
516,TIRUMALCHM,INE338A01024,249,20
517,ITBEES,INF204KB15V2,40.61,20
518,ALPL30IETF,INF109KC17V7,27.93,6
519,VRLLOG,INE366I01010,272.75,20
520,SETFGOLD,INF200KA16D8,104.75,20
521,AURIONPRO,INE132H01018,1105.1,20
522,MIDCAPETF,INF769K01IC9,22.85,6.19
523,SUDARSCHEM,INE659A01023,1033.5,20
524,KSB,INE999A01023,721.35,20
525,LAURUSLABS,INE947Q01028,987.1,20
526,SUPREMEIND,INE195A01028,3568.7,20
527,LTIM,INE214T01019,6027,20
528,SYMPHONY,INE225D01027,868.35,20
529,SGBOCT26,IN0020180249,13199.99,10
530,HINDOILEXP,INE345A01011,138.65,20
531,MON100,INF247L01AP3,236.43,8.71
532,VIPIND,INE054A01027,382.65,20
533,SUPRIYA,INE07RO01027,772.75,20
534,PTC,INE877F01012,163.29,20
535,HDFCAMC,INE127D01025,5399,20
536,JUSTDIAL,INE599M01018,764.95,20
537,GOLD1,INF174KA1HJ8,102.3,20
538,MOSCHIP,INE935B01025,216.7,23.82
539,ACE,INE731H01025,966.3,20
540,PTCIL,INE596F01018,17153,20
541,THOMASCOOK,INE332A01027,159.43,20
542,SGBJ28VIII,IN0020190537,12750,10
543,LIQUIDETF,INF740KA1EU7,1000,5
544,UJJIVANSFB,INE551W01018,54.03,20
545,GOLDIAM,INE025B01025,389.1,23.25
546,KALYANKJIL,INE303R01014,504.1,20
547,SYRMA,INE0DYJ01015,871.85,20
548,BELRISE,INE894V01022,164.01,20
549,BALRAMCHIN,INE119A01028,457.45,20
550,PATELENG,INE244B01030,34.68,20
551,TATAELXSI,INE670A01012,5366.5,20
552,PROTEAN,INE004A01022,840.25,20
553,SGBMAR31IV,IN0020220169,13620.64,10
554,DBL,INE917M01012,437.15,20
555,SGBJAN30IX,IN0020210236,12971,10
556,MOSMALL250,INF247L01CH6,17.03,6.34
557,PNBHOUSING,INE572E01012,905.25,20
558,PSUBNKBEES,INF204KB16I7,94.85,20
559,ADANIPORTS,INE742F01042,1491.1,12.5
560,HINDZINC,INE267A01025,472.15,20
561,SHANTIGOLD,INE06ZD01017,224.16,20
562,NYKAA,INE388Y01029,268.74,20
563,JISLJALEQS,INE175A01038,46.5,20
564,VESUVIUS,INE386A01023,475.4,20
565,J&KBANK,INE168A01041,107.43,20
566,PENIND,INE932A01024,218,23.41
567,SHREEJISPG,INE1B6101010,300.75,20
568,SGBSEP29VI,IN0020210145,12810.42,10
569,GANESHHOU,INE460C01014,806.9,20
570,PSB,INE608A01012,30.35,20
571,KIMS,INE967H01025,673.05,20
572,VIJAYA,INE043W01024,1011.4,20
573,METROPOLIS,INE112L01020,1959.5,20
574,AKZOINDIA,INE133A01011,3393.9,20
575,BSLNIFTY,INF209KB19D1,30.4,6
576,HGINFRA,INE926X01010,860.2,20
577,PCBL,INE602A01031,332.85,20
578,TATACOMM,INE151A01013,1917.4,20
579,GROWWLIQID,INF666M01IP5,106.68,5
580,ATGL,INE399L01023,609.05,20
581,DATAPATTNS,INE0IX101010,3104.6,20.37
582,SILVERETF,INF789F1AYK6,149.57,20
583,RAINBOW,INE961O01016,1337.9,20
584,METALIETF,INF109KC19W1,10.42,20
585,TEXRAIL,INE621L01012,131.47,20
586,SUNDRMFAST,INE387A01021,964.5,20
587,ASHOKLEY,INE208A01029,146.24,20
588,AMBER,INE371P01015,7256.5,20
589,GSPL,INE246F01010,300.8,20
590,SGBDC27VII,IN0020190461,12801.5,10
591,BDL,INE171Z01026,1557,20
592,NV20IETF,INF109KC11V0,14.95,20
593,RAYMONDLSL,INE02ID01020,1147.9,20
594,THYROCARE,INE594H01019,1525.2,20
595,SGBNOV25IX,IN0020170117,12599.97,10
596,ASKAUTOLTD,INE491J01022,482.1,20
597,FORCEMOT,INE451A01017,17508,22.12
598,BATAINDIA,INE176A01028,1009.4,20
599,MIDCAPIETF,INF109KC11W8,23.13,6
600,INFIBEAM,INE483S01020,19.52,20
601,CSBBANK,INE679A01013,419.95,20
602,JKCEMENT,INE823G01014,5633.5,20
603,WABAG,INE956G01038,1413,20
604,KRN,INE0Q3J01015,835.85,20
605,AVANTIFEED,INE871C01038,848,20
606,JYOTICNC,INE980O01024,992.15,20
607,DAMCAPITAL,INE284H01025,239.85,20
608,ASHOKA,INE442H01029,181.09,20
609,RATNAMANI,INE703B01027,2343.6,20
610,POLYMED,INE205C01021,1879.1,20
611,COROMANDEL,INE169A01031,2264.4,20
612,CIEINDIA,INE536H01010,415.95,20
613,SGBDEC26,IN0020180389,13333,10
614,GLENMARK,INE935A01035,1878,20
615,SAMHI,INE08U801020,184.82,20
616,LT,INE018A01030,4037.4,9
617,STARHEALTH,INE575P01011,505.55,20
618,AXISBANK,INE238A01034,1285.2,9
619,RAILTEL,INE0DD101019,349.6,20
620,JSWENERGY,INE121E01018,504.85,20
621,VMM,INE01EA01019,135.36,20
622,KRISHANA,INE506W01012,527.15,20
623,ELECTCAST,INE086A01029,76.87,20
624,PARKHOTELS,INE988S01028,139.67,20
625,CAPACITE,INE264T01014,289.9,20
626,BSE,INE118H01025,2895.5,21.51
627,AJMERA,INE298G01027,1017.6,20
628,IPCALAB,INE571A01038,1438.2,20
629,FDC,INE258B01022,413.95,20
630,CRIZAC,INE0S4R01014,276.8,20
631,CENTRALBK,INE483A01010,38.64,20
632,HINDPETRO,INE094A01015,477.9,20
633,NLCINDIA,INE589A01014,249.5,20
634,SURYAROSNI,INE335A01020,263.95,20
635,LTGILTBEES,INF204KB1882,29.15,10
636,INGERRAND,INE177A01018,3889.1,20
637,BAJFINANCE,INE296A01032,1028.6,10.62
638,ABBOTINDIA,INE358A01014,29585,20
639,PARADEEP,INE088F01024,159.36,20.79
640,ACUTAAS,INE00FF01025,1732.4,20
641,HEUBACHIND,INE492A01029,477.35,20
642,SCI,INE109A01011,248.85,20
643,AVALON,INE0LCL01028,1011.6,20
644,IOC,INE242A01010,168.7,20
645,OBEROIRLTY,INE093I01010,1708.5,20
646,BALKRISIND,INE787D01026,2299.7,20
647,IEX,INE022Q01020,143.13,20
648,POCL,INE063E01053,1349.5,25.04
649,NTPCGREEN,INE0ONG01011,97.5,20
650,EMBDL,INE069I01010,81.81,20
651,ENDURANCE,INE913H01037,2752.4,20
652,MIDHANI,INE099Z01011,353.15,20
653,ANUP,INE294Z01018,2402.8,20
654,ARISINFRA,INE0H9P01028,151.65,20
655,RTNPOWER,INE399K01017,10.25,20
656,INDHOTEL,INE053A01029,733.35,20
657,HIMATSEIDE,INE049A01027,128.33,20
658,AUTOBEES,INF204KC1337,282.57,20
659,GENESYS,INE727B01026,476.85,22.05
660,PNB,INE160A01022,123.86,20
661,FSL,INE684F01012,356.9,20
662,HARIOMPIPE,INE00EV01017,361.75,20
663,ULTRACEMCO,INE481G01011,11753,9
664,ASTRAZEN,INE203A01020,9133.5,20
665,PRINCEPIPE,INE689W01016,297.3,20
666,BANKBARODA,INE028A01039,288.25,20
667,ICICIGI,INE765G01017,2037.6,20
668,GHCL,INE539A01019,606.45,20
669,SUNPHARMA,INE044A01036,1777.4,9
670,APOLLO,INE713T01028,283.3,23.87
671,LIQUIDCASE,INF0R8F01034,111.46,5
672,QGOLDHALF,INF082J01408,101.35,20
673,RAMCOCEM,INE331A01037,996.8,20
674,GLAND,INE068V01023,1817.3,20
675,BEL,INE263A01024,423,12.17
676,SKIPPER,INE439E01022,489.95,20
677,OSWALPUMPS,INE0BYP01024,632.3,20
678,FUSION,INE139R01012,169.52,20
679,PICCADIL,INE546C01010,626.7,21.03
680,CONCOR,INE111A01025,515.4,20
681,SWARAJENG,INE277A01016,3735.2,20
682,GMRAIRPORT,INE776C01039,103.27,20
683,SGBDEC25XI,IN0020170133,12499.91,10
684,INDGN,INE065X01017,515.1,20
685,UGROCAP,INE583D01011,179.4,20
686,SAMMAANCAP,INE148I01020,157.02,20.32
687,FMCGIETF,INF109KC19V3,59.26,20
688,GAIL,INE129A01019,184.31,20
689,VENTIVE,INE781S01027,724.75,20
690,PATANJALI,INE619A01035,584.25,20
691,CREDITACC,INE741K01010,1328.3,20
692,DELHIVERY,INE148O01028,426,20
693,ABFRL,INE647O01011,78.38,20
694,FINPIPE,INE183A01024,179.95,20
695,SGBJU29III,IN0020210087,12871,10
696,IOB,INE565A01014,39.44,20
697,TMB,INE668A01016,493.8,20
698,SCHAEFFLER,INE513A01022,4054.5,20
699,ICICIPRULI,INE726G01019,618.4,20
700,CHOICEIN,INE102B01014,795,20
701,SUZLON,INE040H01021,56.7,20
702,ABCAPITAL,INE674K01013,327.85,20
703,UTIAMC,INE094J01016,1150.2,20
704,TIMETECHNO,INE508G01029,206.59,20
705,BAJAJCON,INE933K01021,278.35,20
706,GLOBUSSPR,INE615I01010,1139.7,20
707,MANINFRA,INE949H01023,125.22,20
708,DIXON,INE935N01020,15313,20
709,TMPV,INE155A01022,359.8,11.63
710,CONCORDBIO,INE338H01029,1440.4,20
711,MSUMI,INE0FS801015,49.05,20
712,CYIENT,INE136B01020,1148.9,20
713,MAMATA,INE0TO701015,423.35,20
714,SGBMAY28,IN0020200088,12739.82,10
715,SHRIPISTON,INE526E01018,2682.4,20
716,NATIONALUM,INE139A01034,257.62,20
717,KSCL,INE455I01029,1018.9,20
718,MEDIASSIST,INE456Z01021,462,20
719,BHARTIARTL,INE397D01024,2158.3,9
720,DALBHARAT,INE00R701025,2012.1,20
721,BEPL,INE922A01025,92.78,20
722,SILVER,INF209KB19F6,154.28,20
723,STAR,INE939A01011,923.4,20
724,RPOWER,INE614G01033,39.32,23.08
725,MEIL,INE0PKD01011,435.7,20
726,BAJAJHCARE,INE411U01027,430.7,20.83
727,NIVABUPA,INE995S01015,76.9,20
728,PRAJIND,INE074A01025,342.15,20
729,AKUMS,INE09XN01023,421.55,20
730,PARAS,INE045601023,746.65,20.74
731,MRPL,INE103A01014,174.23,20
732,LIQUID1,INF174KA1LV5,1078.66,5
733,DCW,INE500A01029,67.49,20
734,BHARATFORG,INE465A01025,1435.4,20
735,VEDL,INE205A01025,509.75,20
736,GPIL,INE177H01039,250,20
737,AMBUJACEM,INE079A01024,555.75,20
738,VOLTAS,INE226A01021,1411.8,20
739,HCG,INE075I01017,743.05,20
740,EDELWEISS,INE532F01054,113.52,20
741,NAM-INDIA,INE298J01013,885.8,20
742,CANFINHOME,INE477A01020,881.6,20
743,COCHINSHIP,INE704P01025,1724.7,20
744,SILVERIETF,INF109KC1Y56,154.36,20
745,MAPMYINDIA,INE0BV301023,1702.8,20
746,DLF,INE271C01023,741.1,20
747,AGARWALEYE,INE943P01029,494.9,20
748,CARBORUNIV,INE120A01034,833.9,20
749,NESCO,INE317F01035,1268.7,20
750,GOLDETF,INF769K01JP9,119.24,20
751,SGBJUN27,IN0020190073,12999.99,10
752,MAHSEAMLES,INE271B01025,571,20
753,VBL,INE200M01039,451.5,20
754,BALAMINES,INE050E01027,1195.5,20
755,NAVINFLUOR,INE048G01026,5979,20
756,TATAINVEST,INE672A01026,759.05,20
757,SGBJUL29IV,IN0020210111,12824.28,10
758,JMFINANCIL,INE780C01023,144.48,20
759,AZAD,INE02IJ01035,1740.3,20
760,SIGACHI,INE0D0K01022,35.27,20.48
761,LIQUIDIETF,INF109KC1KT9,1000,5
762,LALPATHLAB,INE600L01024,3127.4,20
763,JKPAPER,INE789E01012,369.8,20
764,EMSLIMITED,INE0OV601013,459.1,20
765,INDIACEM,INE383A01012,407.8,20
766,GENUSPOWER,INE955D01029,336.85,20
767,BLUEDART,INE233B01017,5905.5,20
768,SAMBHV,INE12NJ01018,108.5,20
769,RELIGARE,INE621H01010,257.45,20
770,HITECH,INE106T01025,105.36,20
771,MOM100,INF247L01023,65.62,6.35
772,KOLTEPATIL,INE094I01018,400.25,20
773,RALLIS,INE613A01020,250.3,20
774,LAXMIINDIA,INE06WU01026,138.63,20
775,EMIL,INE02YR01019,126.8,20
776,FINEORG,INE686Y01026,4619.3,20
777,CIPLA,INE059A01026,1529.2,9
778,LXCHEM,INE576O01020,183.37,20
779,LIQUIDPLUS,INF769K01MY5,1060.29,5
780,TEJASNET,INE010J01012,509.6,20
781,MANAPPURAM,INE522D01027,282.05,20
782,SAILIFE,INE570L01029,873.9,20
783,LIQUIDADD,INF740KA1UM0,1100.82,5
784,MAFANG,INF769K01HF4,167.41,20
785,TCS,INE467B01029,3144.8,9
786,EIDPARRY,INE126A01031,1029,20
787,PNBGILTS,INE859A01011,85.92,20
788,LLOYDSME,INE281B01032,1263.9,20
789,GARUDA,INE0JVO01026,217.68,23.08
790,JAINREC,INE0YD401026,425.8,20
791,HUDCO,INE031A01017,237.1,20
792,SGBFEB28IX,IN0020190545,12798.95,10
793,POWERMECH,INE211R01019,2416.2,20
794,ADANIGREEN,INE364U01010,1060,20
795,NETWEB,INE0NT901020,3439.6,24.64
796,IDFCFIRSTB,INE092T01019,78.93,20
797,AWFIS,INE108V01019,548.5,20
798,SHAILY,INE151G01028,2581.5,21.03
799,BAJAJ-AUTO,INE917I01010,8979.5,9.59
800,CEMPRO,INE686A01026,810.35,20
801,WELENT,INE625G01013,536.85,20
802,PRICOLLTD,INE726V01018,653.55,20
803,JKLAKSHMI,INE786A01032,816.9,20
804,CIGNITITEC,INE675C01017,1784.6,20
805,GRAVITA,INE024L01027,1701.6,20
806,BHEL,INE257A01026,285.25,20
807,500285,INE285B01017,36.08,22.02
808,USHAMART,INE228A01035,438.9,20
809,BOSCHLTD,INE323A01026,37050,20
810,BIKAJI,INE00E101023,721.05,20
811,RATEGAIN,INE0CLI01024,714.4,20
812,MAHSCOOTER,INE288A01013,15066,20
813,DABUR,INE016A01026,525.05,20
814,CHENNPETRO,INE178A01016,1076.35,20.04
815,EQUITASBNK,INE063P01018,64.4,20
816,JBMA,INE927D01051,624.55,20
817,KRBL,INE001B01026,423.8,20
818,SENCO,INE602W01027,320.1,20
819,LIQGRWBEES,INF204KC1FU1,1016.72,5
820,NIFTYBEES,INF204KB14I2,295.64,6
821,CPSEETF,INF457M01133,93.23,20
822,SMARTWORKS,INE0NAZ01010,564.75,20
823,KEI,INE878B01027,4167.3,20
824,ARKADE,INE0QRL01017,167.2,20
825,EUROPRATIK,INE198501012,361.05,20
826,VMART,INE665J01013,814.3,20
827,JUBLFOOD,INE797F01020,591.15,20
828,SBILIFE,INE123W01016,2027.1,9
829,SOLARINDS,INE343H01029,13951,20
830,PARAGMILK,INE883N01014,344.85,20.13
831,ZEEL,INE256A01028,98.37,20
832,SONATSOFTW,INE269A01021,364.95,20
833,MAHLOG,INE766P01016,329.3,20
834,CUPID,INE509F01029,329.51,20
835,CCL,INE421D01022,1014.85,20
836,OFSS,INE881D01027,8372.5,20
837,HEMIPROP,INE0AJG01018,141.14,20
838,LOTUSDEV,INE0V9Q01010,170.92,20
839,SOLARWORLD,INE0TY101024,303.45,20
840,CUMMINSIND,INE298A01020,4375.7,20
841,PREMEXPLN,INE863B01029,570.45,26.52
842,AJAXENGG,INE274Y01021,650.15,20
843,SGBDE31III,IN0020230168,13865.84,10
844,NBCC,INE095N01031,115.99,20
845,REPCOHOME,INE612J01015,415.35,20
846,CAMS,INE596I01012,4014.5,20
847,EBGNG,INE18JU01028,335.2,20
848,MANGCHEFER,INE558B01017,308.75,20
849,MOREALTY,INF247L01CI4,92.45,20
850,INDIGOPNTS,INE09VQ01012,1306.9,20
851,SGBOC28VII,IN0020200203,12752.21,10
852,STYRENIX,INE189B01011,2067.2,20
853,MPHASIS,INE356A01018,2740.4,20
854,JUBLINGREA,INE0BY001018,724.25,20
855,SGBAUG30,IN0020220078,13208.33,10
856,BBTC,INE050A01025,1919.4,20
857,531201,INE024F01011,4278.25,20.81
858,TRAVELFOOD,INE103V01028,1321.7,20
859,KPEL,INE127T01021,404.3,20.68
860,SHRINGARMS,INE1B3L01017,227.02,20
861,NIFTYETF,INF769K01EG9,282.4,6
862,NAZARA,INE418L01047,263.65,20
863,BAYERCROP,INE462A01022,4576.2,20
864,GMBREW,INE075D01018,1050.6,20
865,HFCL,INE548A01028,73.4,20
866,CRISIL,INE007A01025,4588.1,20
867,PCJEWELLER,INE785M01021,10.86,22.88
868,POWERGRID,INE752E01010,277.2,9.47
869,HPL,INE495S01016,441.2,21.42
870,PAISALO,INE420C01059,34.73,20
871,GESHIP,INE017A01032,1100.6,20
872,APOLLOTYRE,INE438A01022,519.25,20
873,CELLO,INE0LMW01024,594.2,20
874,ANANDRATHI,INE463V01026,2870.4,20
875,SGBDEC2512,IN0020170141,12500,10
876,EMUDHRA,INE01QM01018,620.3,20
877,SUNTV,INE424H01027,537.1,20
878,SGBFEB32IV,IN0020230184,14366.68,10
879,KIRIINDUS,INE415I01015,545.65,20
880,RHIM,INE743M01012,472.2,20
881,ROUTE,INE450U01017,678.6,20
882,BAJAJHIND,INE306A01021,20.94,20
883,GVPIL,INE878A01011,361,23.61
884,AGI,INE415A01038,769.9,20
885,BRIGADE,INE791I01019,923.3,20
886,GULFOILLUB,INE635Q01029,1180,20
887,NH,INE410P01011,2017,20
888,WEBELSOLAR,INE855C01023,113.8,22.63
889,DENTA,INE0R4L01018,385.1,20
890,SGBMR29XII,IN0020200427,12838.57,10
891,WOCKPHARMA,INE049B01025,1325.1,21.76
892,IKS,INE115Q01022,1590.4,20
893,GILT5YBEES,INF204KC1030,63.43,10
894,GOLDIETF,INF109KC1NT3,105.08,20
895,ASTRAMICRO,INE386C01029,993.3,20
896,KIRLOSBROS,INE732A01036,1739.1,20
897,EKC,INE184H01027,126.24,20
898,NESTLEIND,INE239A01024,1279.2,9
899,UNIONBANK,INE692A01016,153.19,20
900,PRUDENT,INE00F201020,2457.3,20.06
901,DLINKINDIA,INE250K01012,444.8,20
902,SANGHVIMOV,INE989A01032,349.25,22.24
903,MOTHERSON,INE775A01035,112,20
904,NAVA,INE725A01030,543.3,20
905,ERIS,INE406M01024,1669.6,20
906,EIHOTEL,INE230A01023,377.35,20
907,TITAGARH,INE615H01020,866.2,20
908,CHOLAHLDNG,INE149A01033,1885,20
909,DEVYANI,INE872J01023,147.32,20
910,EPIGRAL,INE071N01016,1455.3,20
911,SKFINDIA,INE640A01023,1984.9,20
912,SGBJUN31I,IN0020230069,13581.04,10
913,TATAGOLD,INF277KA1976,11.9,20
914,METROBRAND,INE317I01021,1141.6,20
915,TORNTPOWER,INE813H01021,1313.9,20
916,IRCON,INE962Y01021,165.21,20
917,BRIGHOTEL,INE03NU01014,78.58,20
918,POONAWALLA,INE511C01022,468.45,20
919,LEMONTREE,INE970X01018,152.46,20
920,JINDALSTEL,INE749A01030,1069.4,20
921,360ONE,INE466L01038,1142.1,20
922,BLS,INE153T01027,321.95,20
923,GANESHCP,INE652V01016,271.5,20
924,COHANCE,INE03QK01018,581.85,20
925,BBL,INE464A01036,2979.3,20
926,INDIAMART,INE933S01016,2391.8,20
927,VGUARD,INE951I01027,347.9,20
928,MANYAVAR,INE825V01034,614.6,20
929,INDIASHLTR,INE922K01024,895.6,20
930,DYNAMATECH,INE221B01012,9753,20
931,CESC,INE486A01021,169.83,20
932,SJS,INE284S01014,1768.4,20
933,KRSNAA,INE08LI01020,818,20
934,VENKEYS,INE398A01010,1348.1,20
935,HEIDELBERG,INE578A01017,183.34,20
936,CGCL,INE180C01042,193.72,20
937,OLAELEC,INE0LXG01040,41.88,100
938,LUXIND,INE150G01020,1178.9,20
939,GSFC,INE026A01025,190.82,20
940,VIMTALABS,INE579C01029,620.45,26.04
941,MANORAMA,INE00VM01036,1344.6,20
942,ALEMBICLTD,INE426A01027,98.95,20
943,COALINDIA,INE522F01014,379.65,9.02
944,SUNTECK,INE805D01034,426.95,20
945,MEDANTA,INE474Q01031,1213.1,20
946,KALAMANDIR,INE438K01021,170.05,20
947,AEGISLOG,INE208C01025,777.55,20
948,GLAXO,INE159A01016,2509,20
949,VSTIND,INE710A01016,253.2,20
950,ASAHIINDIA,INE439A01020,997.35,20
951,PFC,INE134E01011,372.75,20
952,CRAFTSMAN,INE00LO01017,6770,20
953,QUADFUTURE,INE0LRY01011,314.4,21.88
954,ENRIN,INE1NPP01017,3346,20
955,MANINDS,INE993A01026,464,22.01
956,ADANIPOWER,INE814H01029,151.46,20
957,LIQUIDSBI,INF200KA13Z8,1000,5
958,SGBFEB29XI,IN0020200393,12840,10
959,SGBJAN27,IN0020180462,13000,10
960,SAPPHIRE,INE806T01020,261.75,20
961,LUMAXTECH,INE872H01027,1393,21.43
962,SUBROS,INE287B01021,864,20.81
963,SHYAMMETL,INE810G01011,835,20
964,INOXWIND,INE066P01011,138.08,20
965,CROMPTON,INE299U01018,270,20
966,AUTOIETF,INF109KC10V2,28.28,20
967,JPPOWER,INE351F01018,21.64,20.9
968,HEG,INE545A01024,513.45,20
969,GALLANTT,INE297H01019,613.2,22.49
970,EBBETF0433,INF754K01QX0,1273.03,20
971,SETFNIFBK,INF200KA1580,607.14,20
972,WELCORP,INE191B01025,883.15,20
973,ANTHEM,INE0CZ201020,647.45,20
974,HDFCGOLD,INF179KC1981,104.89,20
975,DEEPINDS,INE0FHS01024,481.65,20
976,CAMPUS,INE278Y01022,257.95,20
977,ACMESOLAR,INE622W01025,244.4,20
978,FIRSTCRY,INE02RE01045,321.2,20
979,TECHNOE,INE285K01026,1210.8,20
980,JSL,INE220G01021,768.35,20
981,SGBFEB27,IN0020180561,12850,10
982,GREAVESCOT,INE224A01026,207.78,20
983,MOL,INE0CT101020,69.67,20
984,EASEMYTRIP,INE07O001026,7.51,20
985,ELECON,INE205B01031,532.45,20
986,LGEINDIA,INE324D01010,1683.9,20
987,MTARTECH,INE864I01014,2696.9,20
988,KPIL,INE220B01022,1230.7,20
989,AARTIIND,INE769A01020,386.85,20
990,NETWORK18,INE870H01013,45.59,20
991,VOLTAMP,INE540H01012,8250.5,20
992,IRCTC,INE335Y01020,703,20
993,BANKIETF,INF109KC15I8,60.65,20
994,ZYDUSWELL,INE768C01028,456.15,20
995,FACT,INE188A01015,903.9,20
996,NUVAMA,INE531F01015,7336,20
997,RKFORGE,INE399G01023,540.9,20
998,SGBJAN29X,IN0020200385,12821.1,10
999,KSL,INE907A01026,799.95,20
1000,TEAMLEASE,INE985S01024,1679.8,20
1001,SWANCORP,INE665A01038,473.75,20.17
1002,GNFC,INE113A01013,491.75,20
1003,GMRP&UI,INE0CU601026,132.19,20
1004,ETHOSLTD,INE04TZ01018,2849.7,20
1005,KPITTECH,INE04I401011,1196.6,20
1006,DCMSHRIRAM,INE499A01024,1174.2,20
1007,LTTS,INE010V01017,4331.3,20
1008,GRAPHITE,INE371A01025,562.55,20
1009,MAXHEALTH,INE027H01010,1168.9,13.41
1010,GODREJAGRO,INE850D01014,571.2,20
1011,JKIL,INE576I01022,607.45,20
1012,IDEA,INE669E01016,10.17,24
1013,SJVN,INE002L01015,81.84,20
1014,AIAENG,INE212H01026,3839.6,20
1015,ALLCARGO,INE418H01029,15.49,100
1016,RITES,INE320J01015,247.61,20
1017,EPL,INE255A01020,197.08,20
1018,MARICO,INE196A01026,736.15,20
1019,GRANULES,INE101D01020,550.8,20
1020,ICICIBANK,INE090A01021,1383,9
1021,AXITA,INE02EZ01022,8,20
1022,HDFCSML250,INF179KC1FB2,170.73,6.61
1023,IIFLCAPS,INE489L01022,313.85,22.78
1024,ZENTEC,INE251B01027,1445.8,20.49
1025,TSFINV,INE202Z01029,537.45,20.09
1026,ASIANPAINT,INE021A01026,2859.8,9
1027,RIIL,INE046A01015,868.95,20
1028,PRIVISCL,INE959A01019,3205.2,20
1029,BALMLAWRIE,INE164A01016,192.22,20
1030,CASTROLIND,INE172A01027,190.68,20
1031,IRB,INE821I01022,43.97,20
1032,TARIL,INE763I01026,313.15,24.31
1033,TAJGVK,INE586B01026,403.85,20